-- Sample data for testing
-- Sample event 1: チームミーティング
INSERT INTO
  events (id, title, description, host_name)
VALUES
  (
    '11111111-1111-1111-1111-111111111111',
    'チームミーティング',
    '来月のプロジェクト進捗について話し合いましょう',
    '田中マネージャー'
  );

-- Date options for event 1
INSERT INTO
  date_options (id, event_id, date, time)
VALUES
  (
    '21111111-1111-1111-1111-111111111111',
    '11111111-1111-1111-1111-111111111111',
    '2024-02-15',
    '10:00'
  ),
  (
    '21111111-1111-1111-1111-111111111112',
    '11111111-1111-1111-1111-111111111111',
    '2024-02-15',
    '14:00'
  ),
  (
    '21111111-1111-1111-1111-111111111113',
    '11111111-1111-1111-1111-111111111111',
    '2024-02-16',
    '10:00'
  ),
  (
    '21111111-1111-1111-1111-111111111114',
    '11111111-1111-1111-1111-111111111111',
    '2024-02-16',
    '14:00'
  );

-- Participants for event 1
INSERT INTO
  participants (id, event_id, name)
VALUES
  (
    '31111111-1111-1111-1111-111111111111',
    '11111111-1111-1111-1111-111111111111',
    '田中太郎'
  ),
  (
    '31111111-1111-1111-1111-111111111112',
    '11111111-1111-1111-1111-111111111111',
    '佐藤花子'
  ),
  (
    '31111111-1111-1111-1111-111111111113',
    '11111111-1111-1111-1111-111111111111',
    '鈴木一郎'
  ),
  (
    '31111111-1111-1111-1111-111111111114',
    '11111111-1111-1111-1111-111111111111',
    '山田次郎'
  );

-- Participation responses for event 1
INSERT INTO
  participation_responses (participant_id, date_option_id, status)
VALUES
  -- 田中太郎の回答
  (
    '31111111-1111-1111-1111-111111111111',
    '21111111-1111-1111-1111-111111111111',
    'available'
  ),
  (
    '31111111-1111-1111-1111-111111111111',
    '21111111-1111-1111-1111-111111111112',
    'maybe'
  ),
  (
    '31111111-1111-1111-1111-111111111111',
    '21111111-1111-1111-1111-111111111113',
    'available'
  ),
  (
    '31111111-1111-1111-1111-111111111111',
    '21111111-1111-1111-1111-111111111114',
    'unavailable'
  ),
  -- 佐藤花子の回答  
  (
    '31111111-1111-1111-1111-111111111112',
    '21111111-1111-1111-1111-111111111111',
    'available'
  ),
  (
    '31111111-1111-1111-1111-111111111112',
    '21111111-1111-1111-1111-111111111112',
    'available'
  ),
  (
    '31111111-1111-1111-1111-111111111112',
    '21111111-1111-1111-1111-111111111113',
    'maybe'
  ),
  (
    '31111111-1111-1111-1111-111111111112',
    '21111111-1111-1111-1111-111111111114',
    'maybe'
  ),
  -- 鈴木一郎の回答
  (
    '31111111-1111-1111-1111-111111111113',
    '21111111-1111-1111-1111-111111111111',
    'maybe'
  ),
  (
    '31111111-1111-1111-1111-111111111113',
    '21111111-1111-1111-1111-111111111112',
    'unavailable'
  ),
  (
    '31111111-1111-1111-1111-111111111113',
    '21111111-1111-1111-1111-111111111113',
    'available'
  ),
  (
    '31111111-1111-1111-1111-111111111113',
    '21111111-1111-1111-1111-111111111114',
    'available'
  ),
  -- 山田次郎の回答
  (
    '31111111-1111-1111-1111-111111111114',
    '21111111-1111-1111-1111-111111111111',
    'unavailable'
  ),
  (
    '31111111-1111-1111-1111-111111111114',
    '21111111-1111-1111-1111-111111111112',
    'available'
  ),
  (
    '31111111-1111-1111-1111-111111111114',
    '21111111-1111-1111-1111-111111111113',
    'maybe'
  ),
  (
    '31111111-1111-1111-1111-111111111114',
    '21111111-1111-1111-1111-111111111114',
    'available'
  );

-- Sample event 2: 歓送迎会
INSERT INTO
  events (id, title, description, host_name)
VALUES
  (
    '22222222-2222-2222-2222-222222222222',
    '歓送迎会',
    '新メンバーの歓迎と退職者の送別会を兼ねて',
    '佐藤部長'
  );

-- Date options for event 2 (time is optional - some don't have specific times)
INSERT INTO
  date_options (id, event_id, date, time)
VALUES
  (
    '32222222-2222-2222-2222-222222222221',
    '22222222-2222-2222-2222-222222222222',
    '2024-03-01',
    '18:00'
  ),
  (
    '32222222-2222-2222-2222-222222222222',
    '22222222-2222-2222-2222-222222222222',
    '2024-03-08',
    '18:30'
  ),
  (
    '32222222-2222-2222-2222-222222222223',
    '22222222-2222-2222-2222-222222222222',
    '2024-03-15',
    NULL
  );

-- Participants for event 2
INSERT INTO
  participants (id, event_id, name)
VALUES
  (
    '42222222-2222-2222-2222-222222222221',
    '22222222-2222-2222-2222-222222222222',
    '高橋課長'
  ),
  (
    '42222222-2222-2222-2222-222222222222',
    '22222222-2222-2222-2222-222222222222',
    '中村主任'
  ),
  (
    '42222222-2222-2222-2222-222222222223',
    '22222222-2222-2222-2222-222222222222',
    '新人の小林さん'
  );

-- Participation responses for event 2
INSERT INTO
  participation_responses (participant_id, date_option_id, status)
VALUES
  -- 高橋課長の回答
  (
    '42222222-2222-2222-2222-222222222221',
    '32222222-2222-2222-2222-222222222221',
    'available'
  ),
  (
    '42222222-2222-2222-2222-222222222221',
    '32222222-2222-2222-2222-222222222222',
    'maybe'
  ),
  (
    '42222222-2222-2222-2222-222222222221',
    '32222222-2222-2222-2222-222222222223',
    'available'
  ),
  -- 中村主任の回答
  (
    '42222222-2222-2222-2222-222222222222',
    '32222222-2222-2222-2222-222222222221',
    'maybe'
  ),
  (
    '42222222-2222-2222-2222-222222222222',
    '32222222-2222-2222-2222-222222222222',
    'available'
  ),
  (
    '42222222-2222-2222-2222-222222222222',
    '32222222-2222-2222-2222-222222222223',
    'unavailable'
  ),
  -- 小林さんの回答
  (
    '42222222-2222-2222-2222-222222222223',
    '32222222-2222-2222-2222-222222222221',
    'available'
  ),
  (
    '42222222-2222-2222-2222-222222222223',
    '32222222-2222-2222-2222-222222222222',
    'available'
  ),
  (
    '42222222-2222-2222-2222-222222222223',
    '32222222-2222-2222-2222-222222222223',
    'maybe'
  );